SpeedAndAccScale,StartPosition,Sensor0_Dist,Sensor1_Dist,Timestamp,Cmd_J1,Cmd_J2,Cmd_J3,Cmd_J4,Act_J1,Act_J2,Act_J3,Act_J4
0.200000,right_test_start,nan,nan,2025-07-22_18-02-56,,
0.200000,left_test_start,0.032025,0.028550,2025-07-22_18-03-24,0.260930,0.449180,0.558300,-0.000000,0.260928,0.449231,0.558289,-0.000096
0.200000,max_right_test,0.032210,0.028853,2025-07-22_18-04-18,0.260930,0.449180,0.558300,0.000000,0.260928,0.449182,0.558305,-0.000048
0.200000,max_left_test,0.031995,0.028539,2025-07-22_18-05-47,0.260930,0.449180,0.558300,0.000000,0.260932,0.449182,0.558302,-0.000096
0.200000,above_sensor_test,0.031928,0.028538,2025-07-22_18-06-47,0.260930,0.449180,0.558300,-0.000000,0.260932,0.449196,0.558299,-0.000048
0.400000,right_test_start,nan,nan,2025-07-22_18-07-17,,
0.400000,left_test_start,0.032008,0.028547,2025-07-22_18-07-19,0.260930,0.449180,0.558300,0.000000,0.260932,0.449176,0.558302,-0.000144
0.400000,max_right_test,0.032167,0.028824,2025-07-22_18-07-47,0.260930,0.449180,0.558300,0.000000,0.260928,0.449130,0.558296,-0.000144
0.400000,max_left_test,0.031972,0.028530,2025-07-22_18-08-49,0.260930,0.449180,0.558300,0.000000,0.260928,0.449189,0.558305,-0.000144
0.400000,above_sensor_test,0.031891,0.028522,2025-07-22_18-09-29,0.260930,0.449180,0.558300,-0.000000,0.260925,0.449101,0.558305,-0.000096
0.600000,right_test_start,0.032102,0.028757,2025-07-22_18-09-51,0.260930,0.449180,0.558300,-0.000000,0.260928,0.449238,0.558305,-0.000192
0.600000,left_test_start,0.031926,0.028453,2025-07-22_18-11-06,0.260930,0.449180,0.558300,-0.000000,0.260935,0.449189,0.558302,-0.000192
0.600000,max_right_test,0.032155,0.028830,2025-07-22_18-11-28,0.260930,0.449180,0.558300,-0.000000,0.260928,0.449215,0.558302,-0.000144
0.600000,max_left_test,0.031981,0.028530,2025-07-22_18-12-20,0.260930,0.449180,0.558300,-0.000000,0.260932,0.449160,0.558305,-0.000192
0.600000,above_sensor_test,0.031903,0.028521,2025-07-22_18-12-57,0.260930,0.449180,0.558300,0.000000,0.260922,0.449192,0.558302,-0.000192
0.800000,right_test_start,0.032091,0.028762,2025-07-22_18-13-24,0.260930,0.449180,0.558300,0.000000,0.260928,0.449173,0.558299,-0.000192
0.800000,left_test_start,0.031919,0.028456,2025-07-22_18-14-12,0.260930,0.449180,0.558300,-0.000000,0.260932,0.449241,0.558299,-0.000144
0.800000,max_right_test,0.032158,0.028842,2025-07-22_18-14-33,0.260930,0.449180,0.558300,0.000000,0.260925,0.449179,0.558299,-0.000192
0.800000,max_left_test,0.031983,0.028529,2025-07-22_18-15-22,0.260930,0.449180,0.558300,0.000000,0.260925,0.449143,0.558305,-0.000240
0.800000,above_sensor_test,0.031909,0.028513,2025-07-22_18-15-52,0.260930,0.449180,0.558300,0.000000,0.260928,0.449137,0.558302,-0.000192
1.000000,right_test_start,0.032092,0.028756,2025-07-22_18-16-11,0.260930,0.449180,0.558300,0.000000,0.260928,0.449137,0.558305,-0.000144
1.000000,left_test_start,0.031920,0.028442,2025-07-22_18-16-50,0.260930,0.449180,0.558300,-0.000000,0.260932,0.449150,0.558308,-0.000240
1.000000,max_right_test,0.032183,0.028829,2025-07-22_18-17-18,0.260930,0.449180,0.558300,-0.000000,0.260925,0.449039,0.558302,-0.000096
1.000000,max_left_test,0.031984,0.028522,2025-07-22_18-18-00,0.260930,0.449180,0.558300,0.000000,0.260928,0.449114,0.558305,-0.000192
1.000000,above_sensor_test,0.031886,0.028514,2025-07-22_18-18-30,0.260930,0.449180,0.558300,0.000000,0.260928,0.449251,0.558299,-0.000144
0.200000,right_test_start,0.032099,0.028770,2025-07-22_18-18-56,0.260930,0.449180,0.558300,-0.000000,0.260925,0.449127,0.558305,-0.000144
0.200000,left_test_start,0.031916,0.028440,2025-07-22_18-20-18,0.260930,0.449180,0.558300,-0.000000,0.260932,0.449111,0.558305,-0.000192
0.200000,max_right_test,0.032133,0.028850,2025-07-22_18-20-52,0.260930,0.449180,0.558300,0.000000,0.260925,0.449287,0.558302,-0.000096
0.200000,max_left_test,0.031967,0.028514,2025-07-22_18-22-37,0.260930,0.449180,0.558300,0.000000,0.260925,0.449186,0.558305,-0.000048
0.200000,above_sensor_test,0.031891,0.028511,2025-07-22_18-23-39,0.260930,0.449180,0.558300,0.000000,0.260935,0.449228,0.558293,-0.000096
0.400000,right_test_start,0.032098,0.028770,2025-07-22_18-24-07,0.260930,0.449180,0.558300,-0.000000,0.260932,0.449143,0.558302,-0.000144
0.400000,left_test_start,0.031940,0.028429,2025-07-22_18-25-02,0.260930,0.449180,0.558300,-0.000000,0.260932,0.449235,0.558302,-0.000096
0.400000,max_right_test,0.032155,0.028833,2025-07-22_18-25-28,0.260930,0.449180,0.558300,0.000000,0.260928,0.449189,0.558296,-0.000096
0.400000,max_left_test,0.031960,0.028525,2025-07-22_18-26-30,0.260930,0.449180,0.558300,0.000000,0.260932,0.449228,0.558302,-0.000192
0.400000,above_sensor_test,0.031890,0.028513,2025-07-22_18-27-10,0.260930,0.449180,0.558300,0.000000,0.260928,0.449241,0.558305,-0.000240
0.600000,right_test_start,0.032121,0.028743,2025-07-22_18-27-33,0.260930,0.449180,0.558300,-0.000000,0.260928,0.449130,0.558302,-0.000240
0.600000,left_test_start,0.031919,0.028437,2025-07-22_18-28-20,0.260930,0.449180,0.558300,0.000000,0.260928,0.449078,0.558296,-0.000144
0.600000,max_right_test,0.032161,0.028828,2025-07-22_18-28-42,0.260930,0.449180,0.558300,-0.000000,0.260932,0.449101,0.558302,-0.000144
0.600000,max_left_test,0.031955,0.028519,2025-07-22_18-29-31,0.260930,0.449180,0.558300,0.000000,0.260928,0.449205,0.558302,-0.000144
0.600000,above_sensor_test,0.031862,0.028520,2025-07-22_18-30-08,0.260930,0.449180,0.558300,0.000000,0.260928,0.449215,0.558308,-0.000192
0.800000,right_test_start,0.032103,0.028746,2025-07-22_18-30-34,0.260930,0.449180,0.558300,-0.000000,0.260928,0.449052,0.558302,-0.000144
0.800000,left_test_start,0.031909,0.028445,2025-07-22_18-31-19,0.260930,0.449180,0.558300,0.000000,0.260928,0.449254,0.558299,-0.000192
0.800000,max_right_test,nan,nan,2025-07-22_18-31-41,,
0.800000,max_left_test,0.031920,0.028455,2025-07-22_18-31-43,0.260930,0.449180,0.558300,0.000000,0.260932,0.449147,0.558305,-0.000240
0.800000,above_sensor_test,0.031857,0.028448,2025-07-22_18-32-15,0.260930,0.449180,0.558300,0.000000,0.260932,0.449169,0.558299,-0.000144
1.000000,right_test_start,0.032073,0.028734,2025-07-22_18-32-35,0.260930,0.449180,0.558300,-0.000000,0.260932,0.449182,0.558296,-0.000048
1.000000,left_test_start,0.031893,0.028411,2025-07-22_18-33-11,0.260930,0.449180,0.558300,0.000000,0.260925,0.449117,0.558305,-0.000144
1.000000,max_right_test,nan,nan,2025-07-22_18-33-41,,
1.000000,max_left_test,0.031912,0.028433,2025-07-22_18-33-44,0.260930,0.449180,0.558300,-0.000000,0.260932,0.449160,0.558299,-0.000048
1.000000,above_sensor_test,0.031833,0.028424,2025-07-22_18-34-13,0.260930,0.449180,0.558300,-0.000000,0.260925,0.449189,0.558299,-0.000096
0.200000,right_test_start,0.032078,0.028737,2025-07-22_18-34-37,0.260930,0.449180,0.558300,-0.000000,0.260932,0.449163,0.558299,-0.000144
0.200000,left_test_start,0.031895,0.028393,2025-07-22_18-35-55,0.260930,0.449180,0.558300,-0.000000,0.260932,0.449068,0.558299,-0.000096
0.200000,max_right_test,0.032160,0.028832,2025-07-22_18-36-28,0.260930,0.449180,0.558300,0.000000,0.260932,0.449065,0.558299,-0.000096
0.200000,max_left_test,0.031957,0.028498,2025-07-22_18-38-05,0.260930,0.449180,0.558300,0.000000,0.260925,0.449251,0.558299,-0.000144
0.200000,above_sensor_test,0.031893,0.028505,2025-07-22_18-39-07,0.260930,0.449180,0.558300,-0.000000,0.260928,0.449333,0.558305,-0.000240
0.400000,right_test_start,nan,nan,2025-07-22_18-39-34,,
0.400000,left_test_start,0.031977,0.028511,2025-07-22_18-39-37,0.260930,0.449180,0.558300,0.000000,0.260928,0.449166,0.558305,-0.000192
0.400000,max_right_test,0.032139,0.028826,2025-07-22_18-40-05,0.260930,0.449180,0.558300,0.000000,0.260928,0.449212,0.558305,-0.000192
0.400000,max_left_test,0.031953,0.028508,2025-07-22_18-41-05,0.260930,0.449180,0.558300,-0.000000,0.260928,0.449176,0.558296,-0.000144
0.400000,above_sensor_test,0.031899,0.028493,2025-07-22_18-41-48,0.260930,0.449180,0.558300,-0.000000,0.260925,0.449130,0.558302,-0.000096
0.600000,right_test_start,0.032099,0.028755,2025-07-22_18-42-09,0.260930,0.449180,0.558300,0.000000,0.260925,0.449111,0.558296,-0.000192
0.600000,left_test_start,0.031916,0.028441,2025-07-22_18-42-58,0.260930,0.449180,0.558300,0.000000,0.260932,0.449182,0.558302,-0.000048
0.600000,max_right_test,0.032096,0.028861,2025-07-22_18-43-20,0.260930,0.449180,0.558300,0.000000,0.260925,0.448899,0.558296,-0.000096
0.600000,max_left_test,0.031957,0.028503,2025-07-22_18-44-10,0.260930,0.449180,0.558300,0.000000,0.260928,0.449101,0.558302,-0.000048
0.600000,above_sensor_test,0.031893,0.028493,2025-07-22_18-44-47,0.260930,0.449180,0.558300,0.000000,0.260922,0.449173,0.558312,-0.000192
0.800000,right_test_start,nan,nan,2025-07-22_18-45-16,,
0.800000,left_test_start,0.031971,0.028524,2025-07-22_18-45-18,0.260930,0.449180,0.558300,-0.000000,0.260928,0.449189,0.558299,-0.000144
0.800000,max_right_test,0.032134,0.028822,2025-07-22_18-45-40,0.260930,0.449180,0.558300,-0.000000,0.260928,0.449192,0.558302,-0.000240
0.800000,max_left_test,0.031959,0.028512,2025-07-22_18-46-25,0.260930,0.449180,0.558300,0.000000,0.260932,0.449156,0.558302,-0.000144
0.800000,above_sensor_test,0.031902,0.028492,2025-07-22_18-46-55,0.260930,0.449180,0.558300,-0.000000,0.260928,0.448902,0.558305,-0.000096
1.000000,right_test_start,0.032117,0.028733,2025-07-22_18-47-13,0.260930,0.449180,0.558300,0.000000,0.260928,0.449140,0.558305,-0.000048
1.000000,left_test_start,0.031924,0.028436,2025-07-22_18-47-56,0.260930,0.449180,0.558300,0.000000,0.260928,0.449094,0.558305,-0.000144
1.000000,max_right_test,0.032156,0.028818,2025-07-22_18-48-25,0.260930,0.449180,0.558300,0.000000,0.260928,0.449225,0.558302,-0.000096
1.000000,max_left_test,0.031966,0.028503,2025-07-22_18-49-08,0.260930,0.449180,0.558300,-0.000000,0.260932,0.449153,0.558299,-0.000096
1.000000,above_sensor_test,0.031889,0.028489,2025-07-22_18-49-37,0.260930,0.449180,0.558300,-0.000000,0.260928,0.449179,0.558299,-0.000000
0.200000,right_test_start,0.032113,0.028765,2025-07-22_18-49-59,0.260930,0.449180,0.558300,0.000000,0.260935,0.449238,0.558305,-0.000192
0.200000,left_test_start,0.031916,0.028435,2025-07-22_18-51-21,0.260930,0.449180,0.558300,-0.000000,0.260925,0.449182,0.558305,-0.000144
0.200000,max_right_test,0.032156,0.028833,2025-07-22_18-51-54,0.260930,0.449180,0.558300,0.000000,0.260925,0.449101,0.558302,-0.000192
0.200000,max_left_test,0.031943,0.028506,2025-07-22_18-53-32,0.260930,0.449180,0.558300,-0.000000,0.260928,0.449222,0.558299,-0.000192
0.200000,above_sensor_test,0.031888,0.028497,2025-07-22_18-54-33,0.260930,0.449180,0.558300,-0.000000,0.260928,0.449254,0.558296,-0.000240
0.400000,right_test_start,0.032089,0.028764,2025-07-22_18-55-04,0.260930,0.449180,0.558300,0.000000,0.260925,0.449209,0.558299,-0.000144
0.400000,left_test_start,0.031944,0.028427,2025-07-22_18-55-57,0.260930,0.449180,0.558300,-0.000000,0.260935,0.448921,0.558308,-0.000192
0.400000,max_right_test,0.032155,0.028835,2025-07-22_18-56-23,0.260930,0.449180,0.558300,-0.000000,0.260925,0.449160,0.558305,-0.000240
0.400000,max_left_test,0.031951,0.028504,2025-07-22_18-57-30,0.260930,0.449180,0.558300,-0.000000,0.260925,0.449111,0.558302,-0.000048
0.400000,above_sensor_test,0.031881,0.028500,2025-07-22_18-58-11,0.260930,0.449180,0.558300,-0.000000,0.260925,0.449284,0.558302,-0.000096
0.600000,right_test_start,0.032103,0.028763,2025-07-22_18-58-33,0.260930,0.449180,0.558300,-0.000000,0.260928,0.449117,0.558308,-0.000192
0.600000,left_test_start,0.031913,0.028444,2025-07-22_18-59-23,0.260930,0.449180,0.558300,0.000000,0.260925,0.449153,0.558299,-0.000144
0.600000,max_right_test,0.032153,0.028832,2025-07-22_18-59-46,0.260930,0.449180,0.558300,-0.000000,0.260932,0.449101,0.558302,-0.000096
0.600000,max_left_test,0.031937,0.028515,2025-07-22_19-00-38,0.260930,0.449180,0.558300,0.000000,0.260928,0.449248,0.558302,-0.000096
0.600000,above_sensor_test,0.031891,0.028497,2025-07-22_19-01-14,0.260930,0.449180,0.558300,0.000000,0.260935,0.449186,0.558299,-0.000192
0.800000,right_test_start,0.032075,0.028759,2025-07-22_19-01-42,0.260930,0.449180,0.558300,0.000000,0.260928,0.449264,0.558305,-0.000048
0.800000,left_test_start,0.031930,0.028434,2025-07-22_19-02-29,0.260930,0.449180,0.558300,0.000000,0.260932,0.449029,0.558302,-0.000192
0.800000,max_right_test,0.032150,0.028833,2025-07-22_19-02-50,0.260930,0.449180,0.558300,0.000000,0.260928,0.449199,0.558308,-0.000144
0.800000,max_left_test,0.031940,0.028519,2025-07-22_19-03-40,0.260930,0.449180,0.558300,0.000000,0.260932,0.449245,0.558305,-0.000096
0.800000,above_sensor_test,0.031902,0.028504,2025-07-22_19-04-09,0.260930,0.449180,0.558300,-0.000000,0.260925,0.449196,0.558302,-0.000144
1.000000,right_test_start,0.032090,0.028726,2025-07-22_19-04-29,0.260930,0.449180,0.558300,0.000000,0.260928,0.449147,0.558302,-0.000192
1.000000,left_test_start,0.031923,0.028434,2025-07-22_19-05-10,0.260930,0.449180,0.558300,0.000000,0.260932,0.449055,0.558305,-0.000096
1.000000,max_right_test,0.032139,0.028835,2025-07-22_19-05-39,0.260930,0.449180,0.558300,0.000000,0.260932,0.449189,0.558299,-0.000240
1.000000,max_left_test,0.031947,0.028513,2025-07-22_19-06-30,0.260930,0.449180,0.558300,0.000000,0.260928,0.449147,0.558302,-0.000048
1.000000,above_sensor_test,0.031874,0.028496,2025-07-22_19-06-58,0.260930,0.449180,0.558300,0.000000,0.260928,0.449316,0.558302,-0.000240
0.200000,right_test_start,0.032121,0.028762,2025-07-22_19-07-20,0.260930,0.449180,0.558300,0.000000,0.260925,0.449290,0.558299,-0.000288
0.200000,left_test_start,0.031908,0.028439,2025-07-22_19-08-43,0.260930,0.449180,0.558300,-0.000000,0.260932,0.449205,0.558293,-0.000096
0.200000,max_right_test,0.032133,0.028847,2025-07-22_19-09-15,0.260930,0.449180,0.558300,-0.000000,0.260925,0.449186,0.558302,-0.000192
0.200000,max_left_test,0.031942,0.028497,2025-07-22_19-10-46,0.260930,0.449180,0.558300,-0.000000,0.260928,0.449111,0.558305,-0.000144
0.200000,above_sensor_test,0.031877,0.028490,2025-07-22_19-11-49,0.260930,0.449180,0.558300,-0.000000,0.260928,0.449274,0.558299,-0.000192
0.400000,right_test_start,0.032112,0.028754,2025-07-22_19-12-17,0.260930,0.449180,0.558300,-0.000000,0.260932,0.449496,0.558296,-0.000192
0.400000,left_test_start,0.031898,0.028442,2025-07-22_19-13-07,0.260930,0.449180,0.558300,-0.000000,0.260928,0.449166,0.558302,-0.000144
0.400000,max_right_test,0.032149,0.028829,2025-07-22_19-13-34,0.260930,0.449180,0.558300,0.000000,0.260928,0.449091,0.558305,-0.000048
0.400000,max_left_test,0.031943,0.028504,2025-07-22_19-14-37,0.260930,0.449180,0.558300,-0.000000,0.260928,0.449124,0.558305,-0.000192
0.400000,above_sensor_test,0.031903,0.028496,2025-07-22_19-15-19,0.260930,0.449180,0.558300,-0.000000,0.260928,0.449140,0.558299,-0.000096
0.600000,right_test_start,0.032133,0.028757,2025-07-22_19-15-42,0.260930,0.449180,0.558300,0.000000,0.260928,0.449075,0.558296,-0.000144
0.600000,left_test_start,0.031908,0.028441,2025-07-22_19-16-33,0.260930,0.449180,0.558300,-0.000000,0.260928,0.449163,0.558296,-0.000048
0.600000,max_right_test,0.032136,0.028837,2025-07-22_19-16-56,0.260930,0.449180,0.558300,0.000000,0.260932,0.449117,0.558299,-0.000144
0.600000,max_left_test,0.031931,0.028507,2025-07-22_19-17-44,0.260930,0.449180,0.558300,-0.000000,0.260925,0.449225,0.558302,-0.000192
0.600000,above_sensor_test,0.031883,0.028496,2025-07-22_19-18-23,0.260930,0.449180,0.558300,-0.000000,0.260932,0.449251,0.558299,-0.000096
0.800000,right_test_start,0.032083,0.028765,2025-07-22_19-18-53,0.260930,0.449180,0.558300,-0.000000,0.260928,0.448814,0.558302,-0.000048
0.800000,left_test_start,0.031916,0.028440,2025-07-22_19-19-38,0.260930,0.449180,0.558300,0.000000,0.260928,0.449120,0.558293,-0.000144
0.800000,max_right_test,nan,nan,2025-07-22_19-20-00,,
0.800000,max_left_test,0.031915,0.028447,2025-07-22_19-20-02,0.260930,0.449180,0.558300,-0.000000,0.260932,0.449382,0.558302,-0.000144
0.800000,above_sensor_test,0.031852,0.028435,2025-07-22_19-20-32,0.260930,0.449180,0.558300,0.000000,0.260932,0.449179,0.558308,-0.000096
1.000000,right_test_start,nan,nan,2025-07-22_19-20-51,,
1.000000,left_test_start,0.031946,0.028436,2025-07-22_19-20-53,0.260930,0.449180,0.558300,-0.000000,0.260928,0.448892,0.558305,-0.000144
1.000000,max_right_test,0.032145,0.028796,2025-07-22_19-21-24,0.260930,0.449180,0.558300,0.000000,0.260925,0.449006,0.558302,-0.000096
1.000000,max_left_test,0.031934,0.028503,2025-07-22_19-22-03,0.260930,0.449180,0.558300,0.000000,0.260928,0.449189,0.558302,-0.000192
1.000000,above_sensor_test,0.031875,0.028481,2025-07-22_19-22-33,0.260930,0.449180,0.558300,0.000000,0.260925,0.449196,0.558302,-0.000192
0.200000,right_test_start,0.032130,0.028744,2025-07-22_19-22-58,0.260930,0.449180,0.558300,0.000000,0.260925,0.449447,0.558299,-0.000192
0.200000,left_test_start,0.031903,0.028429,2025-07-22_19-24-22,0.260930,0.449180,0.558300,0.000000,0.260935,0.449169,0.558302,-0.000096
0.200000,max_right_test,0.032138,0.028835,2025-07-22_19-24-54,0.260930,0.449180,0.558300,0.000000,0.260925,0.449186,0.558299,-0.000144
0.200000,max_left_test,0.031932,0.028495,2025-07-22_19-26-30,0.260930,0.449180,0.558300,0.000000,0.260928,0.449179,0.558302,-0.000096
0.200000,above_sensor_test,0.031891,0.028499,2025-07-22_19-27-30,0.260930,0.449180,0.558300,0.000000,0.260922,0.448794,0.558286,-0.000192
0.400000,right_test_start,0.032098,0.028759,2025-07-22_19-28-00,0.260930,0.449180,0.558300,-0.000000,0.260932,0.449094,0.558296,-0.000096
0.400000,left_test_start,0.031917,0.028433,2025-07-22_19-29-09,0.260930,0.449180,0.558300,0.000000,0.260928,0.449091,0.558299,-0.000192
0.400000,max_right_test,0.032136,0.028834,2025-07-22_19-29-37,0.260930,0.449180,0.558300,-0.000000,0.260928,0.449179,0.558302,-0.000144
0.400000,max_left_test,0.031934,0.028505,2025-07-22_19-30-33,0.260930,0.449180,0.558300,0.000000,0.260928,0.449173,0.558308,-0.000048
0.400000,above_sensor_test,0.031884,0.028498,2025-07-22_19-31-15,0.260930,0.449180,0.558300,0.000000,0.260928,0.449235,0.558302,-0.000144
0.600000,right_test_start,0.032098,0.028750,2025-07-22_19-31-38,0.260930,0.449180,0.558300,-0.000000,0.260932,0.449107,0.558302,-0.000192
0.600000,left_test_start,0.031892,0.028446,2025-07-22_19-32-27,0.260930,0.449180,0.558300,-0.000000,0.260932,0.448957,0.558302,-0.000192
0.600000,max_right_test,0.032137,0.028831,2025-07-22_19-32-48,0.260930,0.449180,0.558300,0.000000,0.260928,0.449169,0.558305,-0.000192
0.600000,max_left_test,0.031929,0.028500,2025-07-22_19-33-39,0.260930,0.449180,0.558300,0.000000,0.260928,0.449186,0.558296,-0.000048
0.600000,above_sensor_test,0.031875,0.028495,2025-07-22_19-34-16,0.260930,0.449180,0.558300,-0.000000,0.260928,0.449248,0.558299,-0.000192
0.800000,right_test_start,nan,nan,2025-07-22_19-34-44,,
0.800000,left_test_start,0.031904,0.028439,2025-07-22_19-35-03,0.260930,0.449180,0.558300,-0.000000,0.260928,0.449189,0.558296,-0.000144
0.800000,max_right_test,nan,nan,2025-07-22_19-35-34,,
0.800000,max_left_test,0.031910,0.028441,2025-07-22_19-35-36,0.260930,0.449180,0.558300,0.000000,0.260932,0.449065,0.558305,-0.000192
0.800000,above_sensor_test,0.031846,0.028432,2025-07-22_19-36-05,0.260930,0.449180,0.558300,0.000000,0.260932,0.449199,0.558308,-0.000240
1.000000,right_test_start,0.032060,0.028726,2025-07-22_19-36-25,0.260930,0.449180,0.558300,0.000000,0.260928,0.449182,0.558302,-0.000288
1.000000,left_test_start,0.031873,0.028414,2025-07-22_19-37-02,0.260930,0.449180,0.558300,-0.000000,0.260925,0.449264,0.558302,-0.000096
1.000000,max_right_test,0.032130,0.028803,2025-07-22_19-37-31,0.260930,0.449180,0.558300,-0.000000,0.260922,0.449137,0.558289,-0.000096
1.000000,max_left_test,0.031934,0.028501,2025-07-22_19-38-16,0.260930,0.449180,0.558300,-0.000000,0.260928,0.449182,0.558299,-0.000192
1.000000,above_sensor_test,0.031881,0.028482,2025-07-22_19-38-45,0.260930,0.449180,0.558300,0.000000,0.260922,0.448885,0.558308,-0.000096
0.200000,right_test_start,0.032103,0.028761,2025-07-22_19-39-08,0.260930,0.449180,0.558300,0.000000,0.260928,0.449085,0.558302,-0.000096
0.200000,left_test_start,0.031921,0.028415,2025-07-22_19-40-32,0.260930,0.449180,0.558300,0.000000,0.260928,0.448983,0.558299,-0.000192
0.200000,max_right_test,0.032170,0.028819,2025-07-22_19-41-04,0.260930,0.449180,0.558300,0.000000,0.260938,0.449111,0.558302,-0.000192
0.200000,max_left_test,0.031928,0.028499,2025-07-22_19-42-33,0.260930,0.449180,0.558300,-0.000000,0.260932,0.449218,0.558302,-0.000144
0.200000,above_sensor_test,0.031881,0.028498,2025-07-22_19-43-34,0.260930,0.449180,0.558300,-0.000000,0.260928,0.449212,0.558308,-0.000192
0.400000,right_test_start,0.032088,0.028765,2025-07-22_19-44-04,0.260930,0.449180,0.558300,-0.000000,0.260928,0.449173,0.558302,-0.000048
0.400000,left_test_start,0.031928,0.028428,2025-07-22_19-44-59,0.260930,0.449180,0.558300,-0.000000,0.260932,0.449042,0.558305,-0.000048
0.400000,max_right_test,0.032213,0.028806,2025-07-22_19-45-28,0.260930,0.449180,0.558300,0.000000,0.260932,0.449222,0.558305,-0.000048
0.400000,max_left_test,0.031954,0.028497,2025-07-22_19-47-24,0.260930,0.449180,0.558300,0.000000,0.260932,0.449088,0.558305,-0.000192
0.400000,above_sensor_test,0.031886,0.028493,2025-07-22_19-48-06,0.260930,0.449180,0.558300,0.000000,0.260925,0.449006,0.558305,-0.000096
0.600000,right_test_start,0.032100,0.028760,2025-07-22_19-48-29,0.260930,0.449180,0.558300,-0.000000,0.260925,0.449137,0.558302,-0.000288
0.600000,left_test_start,0.031913,0.028440,2025-07-22_19-49-17,0.260930,0.449180,0.558300,-0.000000,0.260925,0.449094,0.558312,-0.000144
0.600000,max_right_test,0.032131,0.028834,2025-07-22_19-49-40,0.260930,0.449180,0.558300,-0.000000,0.260928,0.449225,0.558305,-0.000192
0.600000,max_left_test,0.031952,0.028495,2025-07-22_19-50-37,0.260930,0.449180,0.558300,-0.000000,0.260932,0.449036,0.558302,-0.000144
0.600000,above_sensor_test,0.031893,0.028495,2025-07-22_19-51-14,0.260930,0.449180,0.558300,-0.000000,0.260925,0.449029,0.558302,-0.000144
0.800000,right_test_start,0.032102,0.028759,2025-07-22_19-51-41,0.260930,0.449180,0.558300,-0.000000,0.260928,0.448964,0.558305,-0.000192
0.800000,left_test_start,0.031920,0.028444,2025-07-22_19-52-34,0.260930,0.449180,0.558300,-0.000000,0.260928,0.449307,0.558299,-0.000144
0.800000,max_right_test,0.032147,0.028830,2025-07-22_19-52-57,0.260930,0.449180,0.558300,0.000000,0.260935,0.449130,0.558302,-0.000192
0.800000,max_left_test,0.031957,0.028509,2025-07-22_19-53-46,0.260930,0.449180,0.558300,-0.000000,0.260935,0.449127,0.558299,-0.000192
0.800000,above_sensor_test,0.031897,0.028499,2025-07-22_19-54-16,0.260930,0.449180,0.558300,0.000000,0.260928,0.449189,0.558296,-0.000096
1.000000,right_test_start,0.032102,0.028750,2025-07-22_19-54-34,0.260930,0.449180,0.558300,-0.000000,0.260935,0.449049,0.558299,-0.000144
1.000000,left_test_start,0.031891,0.028446,2025-07-22_19-55-14,0.260930,0.449180,0.558300,-0.000000,0.260928,0.449264,0.558296,-0.000096
1.000000,max_right_test,0.032131,0.028831,2025-07-22_19-55-42,0.260930,0.449180,0.558300,-0.000000,0.260925,0.448768,0.558302,-0.000048
1.000000,max_left_test,0.031956,0.028501,2025-07-22_19-56-26,0.260930,0.449180,0.558300,-0.000000,0.260932,0.449310,0.558305,-0.000144
1.000000,above_sensor_test,0.031888,0.028492,2025-07-22_19-56-55,0.260930,0.449180,0.558300,-0.000000,0.260925,0.449205,0.558299,-0.000240
0.200000,right_test_start,0.032075,0.028777,2025-07-22_19-57-18,0.260930,0.449180,0.558300,0.000000,0.260928,0.449277,0.558299,-0.000144
0.200000,left_test_start,0.031906,0.028433,2025-07-22_19-58-35,0.260930,0.449180,0.558300,0.000000,0.260932,0.449117,0.558305,-0.000096
0.200000,max_right_test,0.032144,0.028841,2025-07-22_19-59-09,0.260930,0.449180,0.558300,-0.000000,0.260928,0.449179,0.558308,-0.000192
0.200000,max_left_test,0.031918,0.028497,2025-07-22_20-00-36,0.260930,0.449180,0.558300,-0.000000,0.260928,0.449245,0.558305,-0.000192
0.200000,above_sensor_test,0.031881,0.028494,2025-07-22_20-01-37,0.260930,0.449180,0.558300,0.000000,0.260925,0.449254,0.558305,-0.000048
0.400000,right_test_start,0.032081,0.028757,2025-07-22_20-02-06,0.260930,0.449180,0.558300,0.000000,0.260925,0.449182,0.558299,-0.000096
0.400000,left_test_start,0.031922,0.028431,2025-07-22_20-03-07,0.260930,0.449180,0.558300,-0.000000,0.260932,0.449036,0.558299,-0.000096
0.400000,max_right_test,0.032144,0.028832,2025-07-22_20-03-35,0.260930,0.449180,0.558300,-0.000000,0.260928,0.449120,0.558302,-0.000096
0.400000,max_left_test,0.031942,0.028494,2025-07-22_20-04-35,0.260930,0.449180,0.558300,-0.000000,0.260928,0.449163,0.558308,-0.000192
0.400000,above_sensor_test,0.031882,0.028491,2025-07-22_20-05-17,0.260930,0.449180,0.558300,0.000000,0.260925,0.449189,0.558305,-0.000096
0.600000,right_test_start,0.032090,0.028759,2025-07-22_20-05-41,0.260930,0.449180,0.558300,-0.000000,0.260928,0.449150,0.558305,-0.000144
0.600000,left_test_start,0.031908,0.028442,2025-07-22_20-06-38,0.260930,0.449180,0.558300,-0.000000,0.260928,0.449156,0.558302,-0.000144
0.600000,max_right_test,0.032140,0.028837,2025-07-22_20-06-59,0.260930,0.449180,0.558300,0.000000,0.260925,0.449169,0.558302,-0.000144
0.600000,max_left_test,0.031944,0.028499,2025-07-22_20-07-53,0.260930,0.449180,0.558300,0.000000,0.260932,0.449088,0.558299,-0.000048
0.600000,above_sensor_test,0.031884,0.028491,2025-07-22_20-08-33,0.260930,0.449180,0.558300,-0.000000,0.260928,0.449189,0.558305,-0.000192
0.800000,right_test_start,0.032097,0.028761,2025-07-22_20-09-00,0.260930,0.449180,0.558300,0.000000,0.260928,0.449104,0.558299,-0.000240
0.800000,left_test_start,0.031926,0.028433,2025-07-22_20-09-45,0.260930,0.449180,0.558300,0.000000,0.260925,0.449062,0.558305,-0.000096
0.800000,max_right_test,0.032125,0.028833,2025-07-22_20-10-07,0.260930,0.449180,0.558300,-0.000000,0.260925,0.449271,0.558293,-0.000096
0.800000,max_left_test,0.031949,0.028506,2025-07-22_20-10-50,0.260930,0.449180,0.558300,-0.000000,0.260932,0.449163,0.558296,-0.000192
0.800000,above_sensor_test,0.031894,0.028492,2025-07-22_20-11-20,0.260930,0.449180,0.558300,-0.000000,0.260938,0.449166,0.558305,-0.000240
1.000000,right_test_start,0.032110,0.028754,2025-07-22_20-11-40,0.260930,0.449180,0.558300,-0.000000,0.260925,0.449336,0.558302,-0.000192
1.000000,left_test_start,0.031910,0.028435,2025-07-22_20-12-27,0.260930,0.449180,0.558300,0.000000,0.260925,0.449104,0.558308,-0.000096
1.000000,max_right_test,0.032134,0.028831,2025-07-22_20-12-55,0.260930,0.449180,0.558300,-0.000000,0.260928,0.449209,0.558305,-0.000144
1.000000,max_left_test,0.031934,0.028500,2025-07-22_20-13-34,0.260930,0.449180,0.558300,-0.000000,0.260922,0.449166,0.558302,-0.000048
1.000000,above_sensor_test,0.031881,0.028484,2025-07-22_20-14-01,0.260930,0.449180,0.558300,0.000000,0.260928,0.449173,0.558299,-0.000096
0.200000,right_test_start,0.032092,0.028772,2025-07-22_20-14-25,0.260930,0.449180,0.558300,-0.000000,0.260932,0.449179,0.558305,-0.000144
0.200000,left_test_start,0.031890,0.028439,2025-07-22_20-15-53,0.260930,0.449180,0.558300,0.000000,0.260928,0.449277,0.558308,-0.000096
0.200000,max_right_test,0.032142,0.028838,2025-07-22_20-16-25,0.260930,0.449180,0.558300,-0.000000,0.260922,0.449160,0.558299,-0.000096
0.200000,max_left_test,0.031940,0.028490,2025-07-22_20-18-01,0.260930,0.449180,0.558300,0.000000,0.260928,0.449280,0.558299,-0.000096
0.200000,above_sensor_test,0.031882,0.028490,2025-07-22_20-19-04,0.260930,0.449180,0.558300,0.000000,0.260928,0.449189,0.558308,-0.000240
0.400000,right_test_start,0.032077,0.028778,2025-07-22_20-19-31,0.260930,0.449180,0.558300,0.000000,0.260928,0.449013,0.558302,-0.000048
0.400000,left_test_start,0.031913,0.028438,2025-07-22_20-20-29,0.260930,0.449180,0.558300,-0.000000,0.260925,0.448559,0.558308,-0.000000
0.400000,max_right_test,0.032149,0.028824,2025-07-22_20-20-56,0.260930,0.449180,0.558300,-0.000000,0.260925,0.449049,0.558302,-0.000096
0.400000,max_left_test,0.031941,0.028491,2025-07-22_20-21-54,0.260930,0.449180,0.558300,-0.000000,0.260928,0.449085,0.558305,-0.000192
0.400000,above_sensor_test,0.031883,0.028490,2025-07-22_20-22-34,0.260930,0.449180,0.558300,0.000000,0.260922,0.449192,0.558305,-0.000144
0.600000,right_test_start,0.032103,0.028766,2025-07-22_20-22-57,0.260930,0.449180,0.558300,0.000000,0.260932,0.449127,0.558305,-0.000048
0.600000,left_test_start,0.031905,0.028445,2025-07-22_20-23-47,0.260930,0.449180,0.558300,-0.000000,0.260925,0.449147,0.558293,-0.000192
0.600000,max_right_test,0.032149,0.028825,2025-07-22_20-24-12,0.260930,0.449180,0.558300,0.000000,0.260932,0.449094,0.558296,-0.000192
0.600000,max_left_test,0.031949,0.028491,2025-07-22_20-24-58,0.260930,0.449180,0.558300,0.000000,0.260925,0.449182,0.558308,-0.000048
0.600000,above_sensor_test,0.031862,0.028489,2025-07-22_20-25-33,0.260930,0.449180,0.558300,-0.000000,0.260922,0.449222,0.558296,-0.000096
0.800000,right_test_start,0.032089,0.028761,2025-07-22_20-26-03,0.260930,0.449180,0.558300,0.000000,0.260925,0.449182,0.558296,-0.000192
0.800000,left_test_start,0.031897,0.028444,2025-07-22_20-26-49,0.260930,0.449180,0.558300,0.000000,0.260932,0.449365,0.558302,-0.000192
0.800000,max_right_test,0.032152,0.028829,2025-07-22_20-27-13,0.260930,0.449180,0.558300,0.000000,0.260938,0.450299,0.558302,-0.000144
0.800000,max_left_test,0.031943,0.028505,2025-07-22_20-28-01,0.260930,0.449180,0.558300,0.000000,0.260925,0.449098,0.558302,-0.000288
0.800000,above_sensor_test,0.031875,0.028498,2025-07-22_20-28-30,0.260930,0.449180,0.558300,-0.000000,0.260928,0.449297,0.558302,-0.000096
1.000000,right_test_start,0.032107,0.028751,2025-07-22_20-28-52,0.260930,0.449180,0.558300,-0.000000,0.260932,0.449101,0.558305,-0.000288
1.000000,left_test_start,0.031922,0.028433,2025-07-22_20-29-33,0.260930,0.449180,0.558300,0.000000,0.260922,0.449245,0.558299,-0.000240
1.000000,max_right_test,0.032124,0.028834,2025-07-22_20-30-01,0.260930,0.449180,0.558300,0.000000,0.260928,0.449336,0.558302,-0.000192
1.000000,max_left_test,0.031908,0.028509,2025-07-22_20-30-51,0.260930,0.449180,0.558300,0.000000,0.260938,0.449385,0.558299,-0.000240
1.000000,above_sensor_test,0.031884,0.028479,2025-07-22_20-31-20,0.260930,0.449180,0.558300,0.000000,0.260925,0.449094,0.558305,-0.000240
0.200000,right_test_start,0.032129,0.028769,2025-07-22_20-31-42,0.260930,0.449180,0.558300,-0.000000,0.260925,0.449078,0.558302,-0.000096
0.200000,left_test_start,0.031922,0.028427,2025-07-22_20-33-09,0.260930,0.449180,0.558300,-0.000000,0.260932,0.449238,0.558305,-0.000096
0.200000,max_right_test,0.032129,0.028846,2025-07-22_20-33-42,0.260930,0.449180,0.558300,0.000000,0.260925,0.449293,0.558302,-0.000144
0.200000,max_left_test,0.031934,0.028490,2025-07-22_20-35-22,0.260930,0.449180,0.558300,-0.000000,0.260935,0.449114,0.558299,-0.000240
0.200000,above_sensor_test,0.031879,0.028493,2025-07-22_20-36-23,0.260930,0.449180,0.558300,0.000000,0.260932,0.449202,0.558305,-0.000144
0.400000,right_test_start,0.032106,0.028755,2025-07-22_20-36-54,0.260930,0.449180,0.558300,0.000000,0.260928,0.449189,0.558305,-0.000048
0.400000,left_test_start,0.031908,0.028443,2025-07-22_20-37-51,0.260930,0.449180,0.558300,-0.000000,0.260925,0.449147,0.558302,-0.000192
0.400000,max_right_test,0.032144,0.028833,2025-07-22_20-38-18,0.260930,0.449180,0.558300,0.000000,0.260932,0.449101,0.558302,-0.000144
0.400000,max_left_test,0.031948,0.028493,2025-07-22_20-39-19,0.260930,0.449180,0.558300,0.000000,0.260928,0.449111,0.558296,-0.000096
0.400000,above_sensor_test,0.031857,0.028500,2025-07-22_20-40-02,0.260930,0.449180,0.558300,-0.000000,0.260935,0.448843,0.558302,-0.000048
0.600000,right_test_start,0.032080,0.028768,2025-07-22_20-40-25,0.260930,0.449180,0.558300,-0.000000,0.260932,0.449199,0.558296,-0.000096
0.600000,left_test_start,0.031884,0.028445,2025-07-22_20-41-13,0.260930,0.449180,0.558300,0.000000,0.260932,0.449271,0.558299,-0.000096
0.600000,max_right_test,0.032145,0.028830,2025-07-22_20-41-35,0.260930,0.449180,0.558300,0.000000,0.260925,0.449297,0.558302,-0.000240
0.600000,max_left_test,0.031935,0.028501,2025-07-22_20-42-30,0.260930,0.449180,0.558300,-0.000000,0.260932,0.449117,0.558305,-0.000096
0.600000,above_sensor_test,0.031848,0.028498,2025-07-22_20-43-08,0.260930,0.449180,0.558300,0.000000,0.260928,0.449408,0.558305,-0.000144
0.800000,right_test_start,0.032105,0.028756,2025-07-22_20-43-34,0.260930,0.449180,0.558300,-0.000000,0.260928,0.449186,0.558302,-0.000096
0.800000,left_test_start,0.031924,0.028434,2025-07-22_20-44-15,0.260930,0.449180,0.558300,-0.000000,0.260935,0.449127,0.558299,-0.000144
0.800000,max_right_test,0.032122,0.028824,2025-07-22_20-44-38,0.260930,0.449180,0.558300,-0.000000,0.260928,0.449212,0.558308,-0.000096
0.800000,max_left_test,0.031938,0.028503,2025-07-22_20-45-22,0.260930,0.449180,0.558300,0.000000,0.260925,0.449120,0.558296,-0.000192
0.800000,above_sensor_test,0.031886,0.028492,2025-07-22_20-45-51,0.260930,0.449180,0.558300,-0.000000,0.260928,0.449182,0.558308,-0.000144
1.000000,right_test_start,0.032107,0.028755,2025-07-22_20-46-13,0.260930,0.449180,0.558300,0.000000,0.260928,0.449065,0.558299,-0.000144
1.000000,left_test_start,0.031900,0.028444,2025-07-22_20-46-54,0.260930,0.449180,0.558300,0.000000,0.260925,0.449209,0.558312,-0.000144
1.000000,max_right_test,0.032176,0.028823,2025-07-22_20-47-23,0.260930,0.449180,0.558300,-0.000000,0.260925,0.448912,0.558302,-0.000144
1.000000,max_left_test,0.031955,0.028500,2025-07-22_20-48-02,0.260930,0.449180,0.558300,-0.000000,0.260928,0.449029,0.558308,-0.000048
1.000000,above_sensor_test,0.031879,0.028490,2025-07-22_20-48-29,0.260930,0.449180,0.558300,-0.000000,0.260932,0.449179,0.558305,-0.000144
0.200000,right_test_start,0.032097,0.028779,2025-07-22_20-48-53,0.260930,0.449180,0.558300,0.000000,0.260925,0.449182,0.558302,-0.000240
0.200000,left_test_start,0.031899,0.028441,2025-07-22_20-50-24,0.260930,0.449180,0.558300,-0.000000,0.260928,0.449173,0.558305,-0.000144
0.200000,max_right_test,0.032141,0.028844,2025-07-22_20-51-01,0.260930,0.449180,0.558300,0.000000,0.260922,0.449156,0.558302,-0.000096
0.200000,max_left_test,0.031921,0.028494,2025-07-22_20-52-39,0.260930,0.449180,0.558300,-0.000000,0.260925,0.449192,0.558305,-0.000144
0.200000,above_sensor_test,0.031869,0.028488,2025-07-22_20-53-41,0.260930,0.449180,0.558300,0.000000,0.260932,0.449072,0.558308,-0.000144
0.400000,right_test_start,nan,nan,2025-07-22_20-54-09,,
0.400000,left_test_start,0.031941,0.028494,2025-07-22_20-54-11,0.260930,0.449180,0.558300,0.000000,0.260928,0.449196,0.558305,-0.000096
0.400000,max_right_test,nan,nan,2025-07-22_20-54-37,,
0.400000,max_left_test,0.031901,0.028423,2025-07-22_20-54-40,0.260930,0.449180,0.558300,-0.000000,0.260932,0.448983,0.558302,-0.000096
0.400000,above_sensor_test,0.031834,0.028420,2025-07-22_20-55-20,0.260930,0.449180,0.558300,-0.000000,0.260922,0.449189,0.558302,-0.000144
0.600000,right_test_start,0.032082,0.028735,2025-07-22_20-55-42,0.260930,0.449180,0.558300,0.000000,0.260925,0.449068,0.558299,-0.000144
0.600000,left_test_start,0.031875,0.028424,2025-07-22_20-56-27,0.260930,0.449180,0.558300,-0.000000,0.260925,0.449277,0.558302,-0.000096
0.600000,max_right_test,0.032125,0.028826,2025-07-22_20-56-49,0.260930,0.449180,0.558300,-0.000000,0.260935,0.449169,0.558312,-0.000144
0.600000,max_left_test,0.031906,0.028504,2025-07-22_20-57-40,0.260930,0.449180,0.558300,-0.000000,0.260932,0.449280,0.558302,-0.000096
0.600000,above_sensor_test,0.031842,0.028499,2025-07-22_20-58-15,0.260930,0.449180,0.558300,0.000000,0.260932,0.449049,0.558302,-0.000192
0.800000,right_test_start,0.032097,0.028757,2025-07-22_20-58-41,0.260930,0.449180,0.558300,0.000000,0.260932,0.449179,0.558305,-0.000144
0.800000,left_test_start,0.031911,0.028439,2025-07-22_20-59-26,0.260930,0.449180,0.558300,0.000000,0.260928,0.449091,0.558305,-0.000000
0.800000,max_right_test,0.032162,0.028826,2025-07-22_20-59-47,0.260930,0.449180,0.558300,0.000000,0.260925,0.449009,0.558305,-0.000096
0.800000,max_left_test,0.031932,0.028509,2025-07-22_21-00-34,0.260930,0.449180,0.558300,0.000000,0.260925,0.449196,0.558302,-0.000048
0.800000,above_sensor_test,0.031888,0.028499,2025-07-22_21-01-04,0.260930,0.449180,0.558300,0.000000,0.260932,0.449189,0.558302,-0.000096
1.000000,right_test_start,0.032103,0.028757,2025-07-22_21-01-24,0.260930,0.449180,0.558300,0.000000,0.260925,0.449120,0.558305,-0.000240
1.000000,left_test_start,0.031907,0.028442,2025-07-22_21-02-03,0.260930,0.449180,0.558300,-0.000000,0.260925,0.449120,0.558299,-0.000144
1.000000,max_right_test,0.032136,0.028833,2025-07-22_21-02-33,0.260930,0.449180,0.558300,0.000000,0.260932,0.449166,0.558299,-0.000096
1.000000,max_left_test,0.031930,0.028502,2025-07-22_21-03-22,0.260930,0.449180,0.558300,0.000000,0.260928,0.449166,0.558302,-0.000240
1.000000,above_sensor_test,0.031843,0.028500,2025-07-22_21-03-52,0.260930,0.449180,0.558300,0.000000,0.260928,0.449470,0.558299,-0.000240
0.200000,right_test_start,nan,nan,2025-07-22_21-04-14,,
0.200000,left_test_start,0.031951,0.028493,2025-07-22_21-04-17,0.260930,0.449180,0.558300,-0.000000,0.260928,0.449049,0.558302,-0.000144
0.200000,max_right_test,0.032121,0.028830,2025-07-22_21-04-49,0.260930,0.449180,0.558300,0.000000,0.260928,0.449277,0.558302,-0.000096
0.200000,max_left_test,0.031912,0.028490,2025-07-22_21-06-24,0.260930,0.449180,0.558300,-0.000000,0.260925,0.449215,0.558302,-0.000192
0.200000,above_sensor_test,0.031867,0.028485,2025-07-22_21-07-25,0.260930,0.449180,0.558300,0.000000,0.260928,0.449202,0.558302,-0.000096
0.400000,right_test_start,0.032085,0.028763,2025-07-22_21-07-55,0.260930,0.449180,0.558300,-0.000000,0.260925,0.449196,0.558312,-0.000144
0.400000,left_test_start,0.031909,0.028435,2025-07-22_21-08-55,0.260930,0.449180,0.558300,-0.000000,0.260932,0.449081,0.558299,-0.000048
0.400000,max_right_test,0.032144,0.028823,2025-07-22_21-09-23,0.260930,0.449180,0.558300,-0.000000,0.260932,0.449137,0.558299,-0.000144
0.400000,max_left_test,0.031907,0.028501,2025-07-22_21-10-30,0.260930,0.449180,0.558300,-0.000000,0.260935,0.449261,0.558305,-0.000096
0.400000,above_sensor_test,0.031873,0.028488,2025-07-22_21-11-10,0.260930,0.449180,0.558300,-0.000000,0.260925,0.449251,0.558305,-0.000144
0.600000,right_test_start,0.032081,0.028764,2025-07-22_21-11-35,0.260930,0.449180,0.558300,0.000000,0.260928,0.449218,0.558299,-0.000240
0.600000,left_test_start,0.031893,0.028436,2025-07-22_21-12-22,0.260930,0.449180,0.558300,0.000000,0.260928,0.449173,0.558299,-0.000048
0.600000,max_right_test,0.032131,0.028829,2025-07-22_21-12-43,0.260930,0.449180,0.558300,-0.000000,0.260932,0.449147,0.558296,-0.000192
0.600000,max_left_test,0.031924,0.028498,2025-07-22_21-13-36,0.260930,0.449180,0.558300,-0.000000,0.260935,0.449150,0.558308,-0.000192
0.600000,above_sensor_test,0.031874,0.028492,2025-07-22_21-14-16,0.260930,0.449180,0.558300,-0.000000,0.260935,0.449238,0.558302,-0.000144
0.800000,right_test_start,0.032084,0.028761,2025-07-22_21-14-44,0.260930,0.449180,0.558300,-0.000000,0.260932,0.449192,0.558305,-0.000144
0.800000,left_test_start,0.031886,0.028441,2025-07-22_21-15-27,0.260930,0.449180,0.558300,0.000000,0.260932,0.449209,0.558302,-0.000192
0.800000,max_right_test,0.032136,0.028828,2025-07-22_21-15-50,0.260930,0.449180,0.558300,0.000000,0.260925,0.449199,0.558302,-0.000048
0.800000,max_left_test,0.031924,0.028506,2025-07-22_21-16-36,0.260930,0.449180,0.558300,0.000000,0.260928,0.449238,0.558299,-0.000096
0.800000,above_sensor_test,0.031887,0.028491,2025-07-22_21-17-07,0.260930,0.449180,0.558300,-0.000000,0.260925,0.448921,0.558299,-0.000144
1.000000,right_test_start,0.032104,0.028751,2025-07-22_21-17-29,0.260930,0.449180,0.558300,0.000000,0.260932,0.449042,0.558305,-0.000144
1.000000,left_test_start,0.031885,0.028444,2025-07-22_21-18-05,0.260930,0.449180,0.558300,0.000000,0.260932,0.449280,0.558302,-0.000144
1.000000,max_right_test,0.032181,0.028820,2025-07-22_21-18-33,0.260930,0.449180,0.558300,-0.000000,0.260928,0.448902,0.558299,-0.000144
1.000000,max_left_test,0.031936,0.028501,2025-07-22_21-19-16,0.260930,0.449180,0.558300,0.000000,0.260928,0.449111,0.558302,-0.000144
1.000000,above_sensor_test,0.031859,0.028492,2025-07-22_21-19-45,0.260930,0.449180,0.558300,-0.000000,0.260928,0.448974,0.558305,-0.000144
0.200000,right_test_start,0.032088,0.028777,2025-07-22_21-20-09,0.260930,0.449180,0.558300,-0.000000,0.260928,0.449176,0.558302,-0.000240
0.200000,left_test_start,0.031904,0.028434,2025-07-22_21-21-33,0.260930,0.449180,0.558300,0.000000,0.260925,0.449114,0.558299,-0.000096
0.200000,max_right_test,0.032134,0.028851,2025-07-22_21-22-05,0.260930,0.449180,0.558300,0.000000,0.260935,0.449254,0.558302,-0.000144
0.200000,max_left_test,0.031907,0.028501,2025-07-22_21-24-09,0.260930,0.449180,0.558300,-0.000000,0.260922,0.449369,0.558302,-0.000096
0.200000,above_sensor_test,0.031881,0.028487,2025-07-22_21-25-11,0.260930,0.449180,0.558300,-0.000000,0.260935,0.449196,0.558296,-0.000144
0.400000,right_test_start,0.032089,0.028763,2025-07-22_21-25-42,0.260930,0.449180,0.558300,-0.000000,0.260925,0.449163,0.558299,-0.000144
0.400000,left_test_start,0.031898,0.028436,2025-07-22_21-26-36,0.260930,0.449180,0.558300,0.000000,0.260928,0.449186,0.558302,-0.000192
0.400000,max_right_test,0.032152,0.028834,2025-07-22_21-27-01,0.260930,0.449180,0.558300,0.000000,0.260928,0.449042,0.558302,-0.000240
0.400000,max_left_test,0.031929,0.028495,2025-07-22_21-27-59,0.260930,0.449180,0.558300,-0.000000,0.260928,0.449134,0.558299,-0.000144
0.400000,above_sensor_test,0.031865,0.028489,2025-07-22_21-28-42,0.260930,0.449180,0.558300,0.000000,0.260928,0.449388,0.558289,-0.000240
0.600000,right_test_start,0.032113,0.028769,2025-07-22_21-29-03,0.260930,0.449180,0.558300,0.000000,0.260935,0.449199,0.558302,-0.000096
0.600000,left_test_start,0.031910,0.028439,2025-07-22_21-29-59,0.260930,0.449180,0.558300,-0.000000,0.260932,0.449088,0.558302,-0.000144
0.600000,max_right_test,0.032145,0.028831,2025-07-22_21-30-22,0.260930,0.449180,0.558300,-0.000000,0.260925,0.449101,0.558299,-0.000192
0.600000,max_left_test,0.031953,0.028488,2025-07-22_21-31-14,0.260930,0.449180,0.558300,0.000000,0.260932,0.449222,0.558308,-0.000144
0.600000,above_sensor_test,0.031868,0.028490,2025-07-22_21-31-49,0.260930,0.449180,0.558300,0.000000,0.260932,0.449277,0.558302,-0.000144
0.800000,right_test_start,0.032092,0.028757,2025-07-22_21-32-17,0.260930,0.449180,0.558300,-0.000000,0.260928,0.449163,0.558299,-0.000144
0.800000,left_test_start,0.031905,0.028443,2025-07-22_21-32-58,0.260930,0.449180,0.558300,0.000000,0.260928,0.449153,0.558312,-0.000048
0.800000,max_right_test,0.032151,0.028822,2025-07-22_21-33-21,0.260930,0.449180,0.558300,0.000000,0.260932,0.449212,0.558299,-0.000144
0.800000,max_left_test,0.031957,0.028500,2025-07-22_21-34-41,0.260930,0.449180,0.558300,0.000000,0.260928,0.449205,0.558305,-0.000096
0.800000,above_sensor_test,0.031877,0.028500,2025-07-22_21-35-10,0.260930,0.449180,0.558300,0.000000,0.260925,0.449297,0.558302,-0.000144
1.000000,right_test_start,0.032087,0.028768,2025-07-22_21-35-31,0.260930,0.449180,0.558300,0.000000,0.260935,0.449215,0.558299,-0.000144
1.000000,left_test_start,0.031901,0.028443,2025-07-22_21-36-09,0.260930,0.449180,0.558300,0.000000,0.260925,0.449192,0.558299,-0.000192
1.000000,max_right_test,0.032130,0.028841,2025-07-22_21-36-39,0.260930,0.449180,0.558300,-0.000000,0.260928,0.449254,0.558299,-0.000096
1.000000,max_left_test,0.031933,0.028496,2025-07-22_21-37-28,0.260930,0.449180,0.558300,-0.000000,0.260928,0.449120,0.558305,-0.000336
1.000000,above_sensor_test,0.031872,0.028491,2025-07-22_21-37-55,0.260930,0.449180,0.558300,-0.000000,0.260928,0.449248,0.558299,-0.000144
0.200000,right_test_start,0.032107,0.028774,2025-07-22_21-38-18,0.260930,0.449180,0.558300,0.000000,0.260932,0.449111,0.558302,-0.000144
0.200000,left_test_start,0.031903,0.028435,2025-07-22_21-39-43,0.260930,0.449180,0.558300,-0.000000,0.260928,0.449153,0.558302,-0.000144
0.200000,max_right_test,0.032148,0.028836,2025-07-22_21-40-15,0.260930,0.449180,0.558300,0.000000,0.260932,0.449300,0.558302,-0.000048
0.200000,max_left_test,0.031921,0.028487,2025-07-22_21-41-46,0.260930,0.449180,0.558300,-0.000000,0.260928,0.449156,0.558305,-0.000192
0.200000,above_sensor_test,0.031833,0.028506,2025-07-22_21-42-50,0.260930,0.449180,0.558300,-0.000000,0.260925,0.449307,0.558302,-0.000144
0.400000,right_test_start,0.032095,0.028771,2025-07-22_21-43-20,0.260930,0.449180,0.558300,0.000000,0.260932,0.449176,0.558305,-0.000144
0.400000,left_test_start,0.031919,0.028434,2025-07-22_21-44-19,0.260930,0.449180,0.558300,0.000000,0.260928,0.449039,0.558305,-0.000144
0.400000,max_right_test,0.032135,0.028836,2025-07-22_21-44-46,0.260930,0.449180,0.558300,0.000000,0.260935,0.449186,0.558299,-0.000144
0.400000,max_left_test,0.031914,0.028486,2025-07-22_21-45-46,0.260930,0.449180,0.558300,-0.000000,0.260925,0.449186,0.558308,-0.000096
0.400000,above_sensor_test,0.031873,0.028484,2025-07-22_21-46-27,0.260930,0.449180,0.558300,-0.000000,0.260928,0.449179,0.558299,-0.000144
0.600000,right_test_start,0.032120,0.028752,2025-07-22_21-46-52,0.260930,0.449180,0.558300,0.000000,0.260928,0.449274,0.558296,-0.000144
0.600000,left_test_start,0.031911,0.028438,2025-07-22_21-47-39,0.260930,0.449180,0.558300,-0.000000,0.260928,0.449114,0.558305,-0.000240
0.600000,max_right_test,0.032128,0.028840,2025-07-22_21-48-05,0.260930,0.449180,0.558300,0.000000,0.260932,0.449251,0.558305,-0.000192
0.600000,max_left_test,0.031897,0.028504,2025-07-22_21-48-57,0.260930,0.449180,0.558300,-0.000000,0.260928,0.449209,0.558299,-0.000096
0.600000,above_sensor_test,0.031855,0.028490,2025-07-22_21-49-33,0.260930,0.449180,0.558300,-0.000000,0.260928,0.449352,0.558302,-0.000192
0.800000,right_test_start,0.032089,0.028765,2025-07-22_21-50-02,0.260930,0.449180,0.558300,-0.000000,0.260932,0.449186,0.558308,-0.000048
0.800000,left_test_start,0.031948,0.028426,2025-07-22_21-50-50,0.260930,0.449180,0.558300,0.000000,0.260932,0.449509,0.558305,-0.000192
0.800000,max_right_test,0.032139,0.028821,2025-07-22_21-51-11,0.260930,0.449180,0.558300,0.000000,0.260925,0.449124,0.558299,-0.000144
0.800000,max_left_test,0.031956,0.028496,2025-07-22_21-51-54,0.260930,0.449180,0.558300,-0.000000,0.260935,0.449120,0.558302,-0.000144
0.800000,above_sensor_test,0.031879,0.028493,2025-07-22_21-52-23,0.260930,0.449180,0.558300,-0.000000,0.260928,0.449241,0.558296,-0.000096
1.000000,right_test_start,0.032118,0.028756,2025-07-22_21-52-45,0.260930,0.449180,0.558300,0.000000,0.260928,0.449026,0.558315,-0.000096
1.000000,left_test_start,0.031926,0.028439,2025-07-22_21-53-32,0.260930,0.449180,0.558300,-0.000000,0.260922,0.448970,0.558305,-0.000096
1.000000,max_right_test,0.032130,0.028834,2025-07-22_21-54-00,0.260930,0.449180,0.558300,-0.000000,0.260925,0.449342,0.558302,-0.000240
1.000000,max_left_test,0.031943,0.028492,2025-07-22_21-54-49,0.260930,0.449180,0.558300,0.000000,0.260932,0.449032,0.558299,-0.000144
1.000000,above_sensor_test,0.031876,0.028486,2025-07-22_21-55-15,0.260930,0.449180,0.558300,-0.000000,0.260935,0.449199,0.558305,-0.000144
0.200000,right_test_start,0.032092,0.028784,2025-07-22_21-55-39,0.260930,0.449180,0.558300,0.000000,0.260925,0.449271,0.558296,-0.000288
0.200000,left_test_start,0.031907,0.028438,2025-07-22_21-57-06,0.260930,0.449180,0.558300,0.000000,0.260932,0.449134,0.558305,-0.000096
0.200000,max_right_test,0.032145,0.028837,2025-07-22_21-57-41,0.260930,0.449180,0.558300,-0.000000,0.260932,0.449104,0.558302,-0.000192
0.200000,max_left_test,0.031917,0.028489,2025-07-22_21-59-12,0.260930,0.449180,0.558300,-0.000000,0.260932,0.449205,0.558302,-0.000096
0.200000,above_sensor_test,0.031869,0.028491,2025-07-22_22-00-15,0.260930,0.449180,0.558300,-0.000000,0.260928,0.449290,0.558308,-0.000096
0.400000,right_test_start,0.032083,0.028770,2025-07-22_22-00-45,0.260930,0.449180,0.558300,0.000000,0.260928,0.449264,0.558302,-0.000192
0.400000,left_test_start,0.031914,0.028437,2025-07-22_22-01-41,0.260930,0.449180,0.558300,0.000000,0.260935,0.449365,0.558296,-0.000192
0.400000,max_right_test,0.032107,0.028841,2025-07-22_22-02-11,0.260930,0.449180,0.558300,-0.000000,0.260928,0.449303,0.558302,-0.000096
0.400000,max_left_test,0.031921,0.028494,2025-07-22_22-03-20,0.260930,0.449180,0.558300,-0.000000,0.260928,0.449189,0.558302,-0.000192
0.400000,above_sensor_test,0.031879,0.028484,2025-07-22_22-04-02,0.260930,0.449180,0.558300,-0.000000,0.260928,0.449182,0.558299,-0.000048
0.600000,right_test_start,0.032105,0.028758,2025-07-22_22-04-26,0.260930,0.449180,0.558300,0.000000,0.260928,0.448895,0.558302,-0.000048
0.600000,left_test_start,0.031928,0.028439,2025-07-22_22-05-13,0.260930,0.449180,0.558300,0.000000,0.260928,0.448987,0.558308,-0.000096
0.600000,max_right_test,0.032156,0.028817,2025-07-22_22-05-36,0.260930,0.449180,0.558300,0.000000,0.260928,0.449189,0.558305,-0.000192
0.600000,max_left_test,0.031930,0.028494,2025-07-22_22-06-28,0.260930,0.449180,0.558300,-0.000000,0.260925,0.449120,0.558305,-0.000192
0.600000,above_sensor_test,0.031870,0.028488,2025-07-22_22-07-03,0.260930,0.449180,0.558300,-0.000000,0.260928,0.449267,0.558305,-0.000096
0.800000,right_test_start,nan,nan,2025-07-22_22-07-32,,
0.800000,left_test_start,0.031969,0.028489,2025-07-22_22-07-34,0.260930,0.449180,0.558300,0.000000,0.260932,0.448964,0.558305,-0.000192
0.800000,max_right_test,0.032114,0.028821,2025-07-22_22-07-56,0.260930,0.449180,0.558300,-0.000000,0.260932,0.449153,0.558302,-0.000144
0.800000,max_left_test,0.031943,0.028492,2025-07-22_22-08-36,0.260930,0.449180,0.558300,-0.000000,0.260928,0.449127,0.558302,-0.000096
0.800000,above_sensor_test,0.031873,0.028489,2025-07-22_22-09-06,0.260930,0.449180,0.558300,0.000000,0.260928,0.449300,0.558299,-0.000240
1.000000,right_test_start,0.032091,0.028758,2025-07-22_22-09-29,0.260930,0.449180,0.558300,-0.000000,0.260925,0.449192,0.558299,-0.000144
1.000000,left_test_start,0.031910,0.028434,2025-07-22_22-10-09,0.260930,0.449180,0.558300,-0.000000,0.260938,0.449111,0.558302,-0.000144
1.000000,max_right_test,0.032138,0.028826,2025-07-22_22-10-37,0.260930,0.449180,0.558300,0.000000,0.260928,0.449182,0.558308,-0.000144
1.000000,max_left_test,0.031957,0.028492,2025-07-22_22-11-21,0.260930,0.449180,0.558300,0.000000,0.260928,0.449235,0.558305,-0.000144
1.000000,above_sensor_test,0.031864,0.028482,2025-07-22_22-11-48,0.260930,0.449180,0.558300,-0.000000,0.260938,0.449300,0.558302,-0.000144
0.200000,right_test_start,nan,nan,2025-07-22_22-12-10,,
0.200000,left_test_start,0.031947,0.028486,2025-07-22_22-12-13,0.260930,0.449180,0.558300,0.000000,0.260928,0.449124,0.558308,-0.000096
0.200000,max_right_test,0.032125,0.028828,2025-07-22_22-12-45,0.260930,0.449180,0.558300,0.000000,0.260932,0.449225,0.558299,-0.000192
0.200000,max_left_test,0.031941,0.028482,2025-07-22_22-14-21,0.260930,0.449180,0.558300,-0.000000,0.260928,0.449271,0.558305,-0.000288
0.200000,above_sensor_test,0.031845,0.028496,2025-07-22_22-15-20,0.260930,0.449180,0.558300,-0.000000,0.260928,0.449339,0.558299,-0.000144
0.400000,right_test_start,0.032098,0.028754,2025-07-22_22-15-50,0.260930,0.449180,0.558300,-0.000000,0.260928,0.449104,0.558299,-0.000192
0.400000,left_test_start,0.031909,0.028442,2025-07-22_22-16-45,0.260930,0.449180,0.558300,-0.000000,0.260932,0.449120,0.558299,-0.000096
0.400000,max_right_test,0.032127,0.028827,2025-07-22_22-17-14,0.260930,0.449180,0.558300,-0.000000,0.260935,0.449519,0.558302,-0.000000
0.400000,max_left_test,0.031922,0.028490,2025-07-22_22-18-17,0.260930,0.449180,0.558300,-0.000000,0.260928,0.449186,0.558302,-0.000192
0.400000,above_sensor_test,0.031882,0.028483,2025-07-22_22-18-57,0.260930,0.449180,0.558300,-0.000000,0.260932,0.449173,0.558299,-0.000144
0.600000,right_test_start,nan,nan,2025-07-22_22-19-22,,
0.600000,left_test_start,0.031921,0.028435,2025-07-22_22-19-44,0.260930,0.449180,0.558300,-0.000000,0.260928,0.449026,0.558305,-0.000144
0.600000,max_right_test,0.032144,0.028827,2025-07-22_22-20-15,0.260930,0.449180,0.558300,0.000000,0.260928,0.449114,0.558302,-0.000192
0.600000,max_left_test,0.031937,0.028485,2025-07-22_22-21-08,0.260930,0.449180,0.558300,0.000000,0.260928,0.449029,0.558299,-0.000192
0.600000,above_sensor_test,0.031867,0.028490,2025-07-22_22-21-43,0.260930,0.449180,0.558300,-0.000000,0.260928,0.449215,0.558302,-0.000096
0.800000,right_test_start,0.032105,0.028764,2025-07-22_22-22-10,0.260930,0.449180,0.558300,-0.000000,0.260925,0.449134,0.558302,-0.000240
0.800000,left_test_start,0.031923,0.028436,2025-07-22_22-22-51,0.260930,0.449180,0.558300,-0.000000,0.260925,0.449000,0.558305,-0.000336
0.800000,max_right_test,0.032100,0.028839,2025-07-22_22-23-12,0.260930,0.449180,0.558300,0.000000,0.260925,0.449326,0.558302,-0.000048
0.800000,max_left_test,0.031932,0.028501,2025-07-22_22-23-55,0.260930,0.449180,0.558300,0.000000,0.260932,0.449137,0.558305,-0.000096
0.800000,above_sensor_test,0.031872,0.028489,2025-07-22_22-24-24,0.260930,0.449180,0.558300,-0.000000,0.260925,0.449375,0.558299,-0.000144
1.000000,right_test_start,0.032114,0.028761,2025-07-22_22-24-44,0.260930,0.449180,0.558300,0.000000,0.260928,0.449107,0.558302,-0.000192
1.000000,left_test_start,0.031909,0.028443,2025-07-22_22-25-32,0.260930,0.449180,0.558300,-0.000000,0.260932,0.449117,0.558305,-0.000192
1.000000,max_right_test,nan,nan,2025-07-22_22-26-00,,
1.000000,max_left_test,0.031957,0.028502,2025-07-22_22-26-18,0.260930,0.449180,0.558300,-0.000000,0.260922,0.449000,0.558299,-0.000096
1.000000,above_sensor_test,0.031873,0.028497,2025-07-22_22-26-56,0.260930,0.449180,0.558300,-0.000000,0.260932,0.449300,0.558305,-0.000144
0.200000,right_test_start,0.032150,0.028783,2025-07-22_22-27-20,0.260930,0.449180,0.558300,0.000000,0.260928,0.449176,0.558302,-0.000144
0.200000,left_test_start,0.031917,0.028438,2025-07-22_22-30-17,0.260930,0.449180,0.558300,0.000000,0.260925,0.449186,0.558308,-0.000096
0.200000,max_right_test,0.032147,0.028846,2025-07-22_22-30-52,0.260930,0.449180,0.558300,0.000000,0.260932,0.449169,0.558302,-0.000240
0.200000,max_left_test,0.031916,0.028496,2025-07-22_22-32-22,0.260930,0.449180,0.558300,0.000000,0.260922,0.449280,0.558302,-0.000096
0.200000,above_sensor_test,0.031907,0.028479,2025-07-22_22-33-26,0.260930,0.449180,0.558300,0.000000,0.260932,0.449254,0.558305,-0.000096
0.400000,right_test_start,0.032102,0.028772,2025-07-22_22-33-53,0.260930,0.449180,0.558300,0.000000,0.260928,0.449163,0.558296,-0.000192
0.400000,left_test_start,0.031921,0.028437,2025-07-22_22-34-56,0.260930,0.449180,0.558300,-0.000000,0.260928,0.449078,0.558299,-0.000192
0.400000,max_right_test,0.032128,0.028835,2025-07-22_22-35-24,0.260930,0.449180,0.558300,-0.000000,0.260935,0.449251,0.558302,-0.000144
0.400000,max_left_test,0.031922,0.028491,2025-07-22_22-36-28,0.260930,0.449180,0.558300,0.000000,0.260922,0.449173,0.558305,-0.000240
0.400000,above_sensor_test,0.031879,0.028488,2025-07-22_22-37-10,0.260930,0.449180,0.558300,-0.000000,0.260925,0.449212,0.558305,-0.000048
0.600000,right_test_start,0.032125,0.028767,2025-07-22_22-37-32,0.260930,0.449180,0.558300,0.000000,0.260928,0.449042,0.558305,-0.000048
0.600000,left_test_start,0.031928,0.028438,2025-07-22_22-38-18,0.260930,0.449180,0.558300,0.000000,0.260922,0.448980,0.558296,-0.000144
0.600000,max_right_test,0.032094,0.028842,2025-07-22_22-38-41,0.260930,0.449180,0.558300,-0.000000,0.260932,0.449522,0.558299,-0.000096
0.600000,max_left_test,0.031920,0.028491,2025-07-22_22-39-34,0.260930,0.449180,0.558300,0.000000,0.260932,0.449176,0.558305,-0.000240
0.600000,above_sensor_test,0.031851,0.028499,2025-07-22_22-40-13,0.260930,0.449180,0.558300,-0.000000,0.260928,0.449052,0.558302,-0.000096
0.800000,right_test_start,0.032093,0.028776,2025-07-22_22-40-44,0.260930,0.449180,0.558300,-0.000000,0.260928,0.449535,0.558302,-0.000048
0.800000,left_test_start,0.031905,0.028449,2025-07-22_22-41-26,0.260930,0.449180,0.558300,0.000000,0.260928,0.449186,0.558296,-0.000144
0.800000,max_right_test,0.032172,0.028814,2025-07-22_22-41-49,0.260930,0.449180,0.558300,0.000000,0.260922,0.449466,0.558302,-0.000144
0.800000,max_left_test,0.031931,0.028499,2025-07-22_22-42-34,0.260930,0.449180,0.558300,0.000000,0.260925,0.449166,0.558299,-0.000144
0.800000,above_sensor_test,0.031891,0.028480,2025-07-22_22-43-04,0.260930,0.449180,0.558300,0.000000,0.260925,0.449091,0.558305,-0.000192
1.000000,right_test_start,0.032101,0.028770,2025-07-22_22-43-24,0.260930,0.449180,0.558300,0.000000,0.260925,0.449127,0.558305,-0.000192
1.000000,left_test_start,0.031886,0.028449,2025-07-22_22-44-10,0.260930,0.449180,0.558300,-0.000000,0.260932,0.449111,0.558299,-0.000144
1.000000,max_right_test,0.032149,0.028799,2025-07-22_22-44-40,0.260930,0.449180,0.558300,0.000000,0.260928,0.449218,0.558299,-0.000096
1.000000,max_left_test,0.031904,0.028509,2025-07-22_22-45-40,0.260930,0.449180,0.558300,0.000000,0.260925,0.449385,0.558305,-0.000240
1.000000,above_sensor_test,0.031889,0.028474,2025-07-22_22-46-09,0.260930,0.449180,0.558300,-0.000000,0.260928,0.449068,0.558299,-0.000048
0.200000,right_test_start,0.032134,0.028777,2025-07-22_22-46-34,0.260930,0.449180,0.558300,0.000000,0.260928,0.449228,0.558296,-0.000144
0.200000,left_test_start,0.031937,0.028435,2025-07-22_22-48-02,0.260930,0.449180,0.558300,-0.000000,0.260928,0.449297,0.558305,-0.000048
0.200000,max_right_test,0.032105,0.028848,2025-07-22_22-48-36,0.260930,0.449180,0.558300,-0.000000,0.260932,0.449258,0.558302,-0.000096
0.200000,max_left_test,0.031909,0.028489,2025-07-22_22-50-11,0.260930,0.449180,0.558300,0.000000,0.260925,0.449271,0.558305,-0.000192
0.200000,above_sensor_test,0.031878,0.028484,2025-07-22_22-51-12,0.260930,0.449180,0.558300,-0.000000,0.260928,0.449196,0.558308,-0.000144
0.400000,right_test_start,0.032108,0.028768,2025-07-22_22-51-42,0.260930,0.449180,0.558300,0.000000,0.260932,0.449085,0.558302,-0.000144
0.400000,left_test_start,0.031920,0.028435,2025-07-22_22-52-43,0.260930,0.449180,0.558300,-0.000000,0.260932,0.449072,0.558299,-0.000192
0.400000,max_right_test,0.032141,0.028837,2025-07-22_22-53-09,0.260930,0.449180,0.558300,0.000000,0.260928,0.449189,0.558302,-0.000048
0.400000,max_left_test,0.031901,0.028501,2025-07-22_22-54-10,0.260930,0.449180,0.558300,-0.000000,0.260928,0.449352,0.558308,-0.000144
0.400000,above_sensor_test,0.031878,0.028479,2025-07-22_22-54-53,0.260930,0.449180,0.558300,-0.000000,0.260928,0.449160,0.558302,-0.000240
0.600000,right_test_start,0.032079,0.028770,2025-07-22_22-55-17,0.260930,0.449180,0.558300,0.000000,0.260932,0.449297,0.558302,-0.000192
0.600000,left_test_start,0.031913,0.028435,2025-07-22_22-56-03,0.260930,0.449180,0.558300,-0.000000,0.260928,0.449094,0.558305,-0.000240
0.600000,max_right_test,0.032154,0.028831,2025-07-22_22-56-26,0.260930,0.449180,0.558300,-0.000000,0.260932,0.449352,0.558299,-0.000192
0.600000,max_left_test,0.031829,0.028531,2025-07-22_22-57-17,0.260930,0.449180,0.558300,0.000000,0.260928,0.449150,0.558299,-0.000144
0.600000,above_sensor_test,0.031844,0.028489,2025-07-22_22-57-52,0.260930,0.449180,0.558300,0.000000,0.260932,0.449169,0.558302,-0.000192
0.800000,right_test_start,0.032099,0.028761,2025-07-22_22-58-20,0.260930,0.449180,0.558300,0.000000,0.260925,0.449160,0.558302,-0.000144
0.800000,left_test_start,0.031923,0.028439,2025-07-22_22-59-02,0.260930,0.449180,0.558300,-0.000000,0.260932,0.449440,0.558302,-0.000048
0.800000,max_right_test,nan,nan,2025-07-22_22-59-27,,
0.800000,max_left_test,0.031905,0.028426,2025-07-22_22-59-29,0.260930,0.449180,0.558300,-0.000000,0.260925,0.449196,0.558302,-0.000048
0.800000,above_sensor_test,0.031823,0.028427,2025-07-22_22-59-59,0.260930,0.449180,0.558300,0.000000,0.260928,0.449287,0.558305,-0.000144
1.000000,right_test_start,nan,nan,2025-07-22_23-00-20,,
1.000000,left_test_start,0.031905,0.028431,2025-07-22_23-00-23,0.260930,0.449180,0.558300,0.000000,0.260928,0.449176,0.558299,-0.000144
1.000000,max_right_test,0.032141,0.028790,2025-07-22_23-00-51,0.260930,0.449180,0.558300,0.000000,0.260925,0.449176,0.558302,-0.000192
1.000000,max_left_test,0.031919,0.028484,2025-07-22_23-01-36,0.260930,0.449180,0.558300,0.000000,0.260935,0.449173,0.558299,-0.000096
1.000000,above_sensor_test,0.031855,0.028473,2025-07-22_23-02-05,0.260930,0.449180,0.558300,-0.000000,0.260928,0.449235,0.558302,-0.000144
0.200000,right_test_start,0.032079,0.028778,2025-07-22_23-02-28,0.260930,0.449180,0.558300,-0.000000,0.260925,0.449333,0.558299,-0.000144
0.200000,left_test_start,0.031904,0.028433,2025-07-22_23-03-58,0.260930,0.449180,0.558300,-0.000000,0.260932,0.449179,0.558299,-0.000240
0.200000,max_right_test,0.032102,0.028852,2025-07-22_23-04-31,0.260930,0.449180,0.558300,0.000000,0.260928,0.449293,0.558302,-0.000240
0.200000,max_left_test,0.031932,0.028483,2025-07-22_23-07-45,0.260930,0.449180,0.558300,-0.000000,0.260925,0.449101,0.558305,-0.000240
0.200000,above_sensor_test,0.031875,0.028487,2025-07-22_23-08-45,0.260930,0.449180,0.558300,-0.000000,0.260928,0.449241,0.558305,-0.000192
0.400000,right_test_start,0.032097,0.028748,2025-07-22_23-09-14,0.260930,0.449180,0.558300,0.000000,0.260928,0.449098,0.558302,-0.000192
0.400000,left_test_start,0.031902,0.028442,2025-07-22_23-10-13,0.260930,0.449180,0.558300,-0.000000,0.260922,0.449189,0.558302,-0.000144
0.400000,max_right_test,0.032125,0.028834,2025-07-22_23-10-38,0.260930,0.449180,0.558300,0.000000,0.260928,0.449287,0.558305,-0.000192
0.400000,max_left_test,0.031905,0.028498,2025-07-22_23-11-42,0.260930,0.449180,0.558300,-0.000000,0.260928,0.449134,0.558299,-0.000144
0.400000,above_sensor_test,0.031863,0.028483,2025-07-22_23-12-22,0.260930,0.449180,0.558300,0.000000,0.260922,0.449182,0.558305,-0.000096
0.600000,right_test_start,0.032097,0.028770,2025-07-22_23-12-46,0.260930,0.449180,0.558300,0.000000,0.260928,0.449179,0.558305,-0.000048
0.600000,left_test_start,0.031917,0.028437,2025-07-22_23-13-47,0.260930,0.449180,0.558300,-0.000000,0.260932,0.449091,0.558302,-0.000048
0.600000,max_right_test,0.032141,0.028830,2025-07-22_23-14-11,0.260930,0.449180,0.558300,-0.000000,0.260928,0.449160,0.558296,-0.000144
0.600000,max_left_test,0.031916,0.028484,2025-07-22_23-15-04,0.260930,0.449180,0.558300,-0.000000,0.260928,0.449166,0.558308,-0.000096
0.600000,above_sensor_test,0.031866,0.028479,2025-07-22_23-15-40,0.260930,0.449180,0.558300,-0.000000,0.260922,0.449378,0.558305,-0.000096
0.800000,right_test_start,0.032120,0.028770,2025-07-22_23-16-08,0.260930,0.449180,0.558300,0.000000,0.260922,0.449202,0.558305,-0.000192
0.800000,left_test_start,0.031921,0.028442,2025-07-22_23-16-54,0.260930,0.449180,0.558300,0.000000,0.260928,0.449310,0.558302,-0.000192
0.800000,max_right_test,0.032172,0.028838,2025-07-22_23-17-18,0.260930,0.449180,0.558300,0.000000,0.260932,0.449023,0.558305,-0.000144
0.800000,max_left_test,0.031931,0.028498,2025-07-22_23-18-21,0.260930,0.449180,0.558300,-0.000000,0.260928,0.449134,0.558296,-0.000048
0.800000,above_sensor_test,0.031883,0.028492,2025-07-22_23-18-50,0.260930,0.449180,0.558300,-0.000000,0.260925,0.449225,0.558308,-0.000192
1.000000,right_test_start,0.032115,0.028769,2025-07-22_23-19-12,0.260930,0.449180,0.558300,-0.000000,0.260928,0.449130,0.558302,-0.000144
1.000000,left_test_start,0.031926,0.028445,2025-07-22_23-20-01,0.260930,0.449180,0.558300,0.000000,0.260925,0.449026,0.558302,-0.000144
1.000000,max_right_test,0.032127,0.028821,2025-07-22_23-20-28,0.260930,0.449180,0.558300,-0.000000,0.260932,0.449023,0.558302,-0.000144
1.000000,max_left_test,0.031931,0.028491,2025-07-22_23-21-08,0.260930,0.449180,0.558300,-0.000000,0.260932,0.449107,0.558302,-0.000096
1.000000,above_sensor_test,0.031846,0.028489,2025-07-22_23-21-38,0.260930,0.449180,0.558300,0.000000,0.260925,0.449235,0.558302,-0.000192
0.200000,right_test_start,0.032088,0.028783,2025-07-22_23-22-01,0.260930,0.449180,0.558300,0.000000,0.260928,0.449264,0.558302,-0.000144
0.200000,left_test_start,0.031917,0.028431,2025-07-22_23-23-27,0.260930,0.449180,0.558300,-0.000000,0.260928,0.449075,0.558308,-0.000096
0.200000,max_right_test,0.032166,0.028825,2025-07-22_23-23-59,0.260930,0.449180,0.558300,0.000000,0.260928,0.449111,0.558302,-0.000096
0.200000,max_left_test,0.031912,0.028490,2025-07-22_23-25-37,0.260930,0.449180,0.558300,-0.000000,0.260928,0.449258,0.558305,-0.000096
0.200000,above_sensor_test,0.031855,0.028489,2025-07-22_23-26-40,0.260930,0.449180,0.558300,-0.000000,0.260935,0.449267,0.558308,-0.000240
0.400000,right_test_start,0.032116,0.028766,2025-07-22_23-27-08,0.260930,0.449180,0.558300,-0.000000,0.260925,0.449290,0.558305,-0.000144
0.400000,left_test_start,0.031913,0.028443,2025-07-22_23-28-06,0.260930,0.449180,0.558300,-0.000000,0.260928,0.449101,0.558305,-0.000144
0.400000,max_right_test,nan,nan,2025-07-22_23-28-34,,
0.400000,max_left_test,0.031881,0.028430,2025-07-22_23-28-36,0.260930,0.449180,0.558300,-0.000000,0.260928,0.449182,0.558299,-0.000144
0.400000,above_sensor_test,0.031839,0.028413,2025-07-22_23-29-19,0.260930,0.449180,0.558300,0.000000,0.260928,0.449134,0.558302,-0.000144
0.600000,right_test_start,0.032017,0.028769,2025-07-22_23-29-41,0.260930,0.449180,0.558300,-0.000000,0.260941,0.449241,0.558302,-0.000144
0.600000,left_test_start,0.031896,0.028420,2025-07-22_23-30-28,0.260930,0.449180,0.558300,-0.000000,0.260932,0.449130,0.558305,-0.000144
0.600000,max_right_test,0.032136,0.028833,2025-07-22_23-30-52,0.260930,0.449180,0.558300,-0.000000,0.260925,0.449231,0.558302,-0.000144
0.600000,max_left_test,0.031899,0.028499,2025-07-22_23-31-44,0.260930,0.449180,0.558300,0.000000,0.260932,0.449355,0.558299,-0.000096
0.600000,above_sensor_test,0.031874,0.028472,2025-07-22_23-32-21,0.260930,0.449180,0.558300,0.000000,0.260932,0.449290,0.558308,-0.000144
0.800000,right_test_start,0.032090,0.028766,2025-07-22_23-32-47,0.260930,0.449180,0.558300,0.000000,0.260925,0.449192,0.558302,-0.000144
0.800000,left_test_start,0.031909,0.028444,2025-07-22_23-33-26,0.260930,0.449180,0.558300,-0.000000,0.260928,0.449101,0.558305,-0.000144
0.800000,max_right_test,0.032136,0.028828,2025-07-22_23-33-51,0.260930,0.449180,0.558300,0.000000,0.260928,0.449166,0.558296,-0.000192
0.800000,max_left_test,0.031894,0.028510,2025-07-22_23-34-39,0.260930,0.449180,0.558300,0.000000,0.260932,0.449437,0.558312,-0.000144
0.800000,above_sensor_test,0.031887,0.028474,2025-07-22_23-35-09,0.260930,0.449180,0.558300,0.000000,0.260928,0.449199,0.558299,-0.000144
1.000000,right_test_start,0.032101,0.028770,2025-07-22_23-35-28,0.260930,0.449180,0.558300,0.000000,0.260932,0.449160,0.558302,-0.000192
1.000000,left_test_start,0.031901,0.028449,2025-07-22_23-36-13,0.260930,0.449180,0.558300,-0.000000,0.260925,0.449169,0.558299,-0.000144
1.000000,max_right_test,0.032139,0.028823,2025-07-22_23-36-43,0.260930,0.449180,0.558300,0.000000,0.260922,0.449150,0.558308,-0.000096
1.000000,max_left_test,0.031906,0.028495,2025-07-22_23-37-28,0.260930,0.449180,0.558300,-0.000000,0.260925,0.449274,0.558305,-0.000192
1.000000,above_sensor_test,0.031868,0.028464,2025-07-22_23-37-55,0.260930,0.449180,0.558300,0.000000,0.260925,0.449104,0.558302,-0.000144
0.200000,right_test_start,0.032111,0.028742,2025-07-22_23-38-19,0.260930,0.449180,0.558300,-0.000000,0.260925,0.449094,0.558305,-0.000144
0.200000,left_test_start,0.031920,0.028428,2025-07-22_23-39-46,0.260930,0.449180,0.558300,-0.000000,0.260928,0.449013,0.558308,-0.000192
0.200000,max_right_test,0.032106,0.028840,2025-07-22_23-40-19,0.260930,0.449180,0.558300,-0.000000,0.260928,0.449404,0.558305,-0.000144
0.200000,max_left_test,0.031890,0.028493,2025-07-22_23-41-55,0.260930,0.449180,0.558300,-0.000000,0.260922,0.449385,0.558293,-0.000192
0.200000,above_sensor_test,0.031864,0.028468,2025-07-22_23-42-56,0.260930,0.449180,0.558300,0.000000,0.260932,0.449147,0.558302,-0.000096
0.400000,right_test_start,0.032104,0.028766,2025-07-22_23-43-24,0.260930,0.449180,0.558300,-0.000000,0.260925,0.449120,0.558305,-0.000144
0.400000,left_test_start,0.031916,0.028429,2025-07-22_23-44-22,0.260930,0.449180,0.558300,-0.000000,0.260935,0.449045,0.558296,-0.000144
0.400000,max_right_test,0.032131,0.028833,2025-07-22_23-44-50,0.260930,0.449180,0.558300,-0.000000,0.260928,0.449480,0.558296,-0.000144
0.400000,max_left_test,0.031897,0.028495,2025-07-22_23-45-51,0.260930,0.449180,0.558300,-0.000000,0.260925,0.449336,0.558296,-0.000192
0.400000,above_sensor_test,0.031872,0.028478,2025-07-22_23-46-35,0.260930,0.449180,0.558300,0.000000,0.260932,0.449186,0.558302,-0.000192
0.600000,right_test_start,0.032078,0.028767,2025-07-22_23-46-59,0.260930,0.449180,0.558300,-0.000000,0.260932,0.449287,0.558305,-0.000144
0.600000,left_test_start,0.031882,0.028443,2025-07-22_23-47-47,0.260930,0.449180,0.558300,-0.000000,0.260928,0.449297,0.558299,-0.000240
0.600000,max_right_test,0.032135,0.028828,2025-07-22_23-48-10,0.260930,0.449180,0.558300,-0.000000,0.260928,0.449186,0.558308,-0.000144
0.600000,max_left_test,0.031917,0.028480,2025-07-22_23-48-59,0.260930,0.449180,0.558300,0.000000,0.260925,0.449140,0.558305,-0.000144
0.600000,above_sensor_test,0.031887,0.028463,2025-07-22_23-49-35,0.260930,0.449180,0.558300,0.000000,0.260928,0.448905,0.558305,-0.000192
0.800000,right_test_start,0.032094,0.028764,2025-07-22_23-50-01,0.260930,0.449180,0.558300,-0.000000,0.260925,0.449173,0.558299,-0.000096
0.800000,left_test_start,0.031908,0.028443,2025-07-22_23-50-45,0.260930,0.449180,0.558300,-0.000000,0.260925,0.449241,0.558302,-0.000048
0.800000,max_right_test,0.032110,0.028830,2025-07-22_23-51-06,0.260930,0.449180,0.558300,-0.000000,0.260932,0.449408,0.558305,-0.000096
0.800000,max_left_test,0.031932,0.028485,2025-07-22_23-51-55,0.260930,0.449180,0.558300,0.000000,0.260928,0.449310,0.558308,-0.000192
0.800000,above_sensor_test,0.031868,0.028480,2025-07-22_23-52-24,0.260930,0.449180,0.558300,-0.000000,0.260922,0.449248,0.558302,-0.000096
1.000000,right_test_start,0.032092,0.028754,2025-07-22_23-52-47,0.260930,0.449180,0.558300,-0.000000,0.260928,0.449189,0.558302,-0.000144
1.000000,left_test_start,0.031899,0.028435,2025-07-22_23-53-27,0.260930,0.449180,0.558300,-0.000000,0.260928,0.449186,0.558312,-0.000192
1.000000,max_right_test,0.032154,0.028819,2025-07-22_23-53-55,0.260930,0.449180,0.558300,0.000000,0.260928,0.449019,0.558308,-0.000192
1.000000,max_left_test,0.031951,0.028475,2025-07-22_23-54-36,0.260930,0.449180,0.558300,0.000000,0.260922,0.449137,0.558296,-0.000192
1.000000,above_sensor_test,0.031858,0.028477,2025-07-22_23-55-03,0.260930,0.449180,0.558300,-0.000000,0.260925,0.449264,0.558302,-0.000192
0.200000,right_test_start,0.032105,0.028767,2025-07-22_23-55-27,0.260930,0.449180,0.558300,0.000000,0.260932,0.449352,0.558302,-0.000096
0.200000,left_test_start,0.031898,0.028438,2025-07-22_23-56-59,0.260930,0.449180,0.558300,0.000000,0.260928,0.449173,0.558299,-0.000144
0.200000,max_right_test,0.032141,0.028840,2025-07-22_23-57-33,0.260930,0.449180,0.558300,0.000000,0.260932,0.449192,0.558305,-0.000096
0.200000,max_left_test,0.031904,0.028474,2025-07-22_23-59-04,0.260930,0.449180,0.558300,0.000000,0.260928,0.449196,0.558299,-0.000192
0.200000,above_sensor_test,0.031861,0.028480,2025-07-23_00-00-06,0.260930,0.449180,0.558300,0.000000,0.260928,0.449264,0.558302,-0.000144
0.400000,right_test_start,0.032117,0.028769,2025-07-23_00-00-34,0.260930,0.449180,0.558300,0.000000,0.260932,0.449218,0.558305,-0.000192
0.400000,left_test_start,0.031914,0.028439,2025-07-23_00-01-51,0.260930,0.449180,0.558300,0.000000,0.260932,0.449065,0.558296,-0.000048
0.400000,max_right_test,0.032132,0.028837,2025-07-23_00-02-19,0.260930,0.449180,0.558300,0.000000,0.260932,0.449199,0.558299,-0.000096
0.400000,max_left_test,0.031908,0.028482,2025-07-23_00-03-27,0.260930,0.449180,0.558300,-0.000000,0.260928,0.448977,0.558296,-0.000192
0.400000,above_sensor_test,0.031865,0.028481,2025-07-23_00-04-07,0.260930,0.449180,0.558300,-0.000000,0.260932,0.449271,0.558305,-0.000144
0.600000,right_test_start,0.032101,0.028763,2025-07-23_00-04-33,0.260930,0.449180,0.558300,0.000000,0.260932,0.449143,0.558305,-0.000096
0.600000,left_test_start,0.031919,0.028437,2025-07-23_00-05-23,0.260930,0.449180,0.558300,0.000000,0.260925,0.449019,0.558299,-0.000096
0.600000,max_right_test,0.032046,0.028875,2025-07-23_00-05-45,0.260930,0.449180,0.558300,0.000000,0.260925,0.448474,0.558302,-0.000096
0.600000,max_left_test,0.031924,0.028475,2025-07-23_00-06-36,0.260930,0.449180,0.558300,-0.000000,0.260925,0.449120,0.558308,-0.000096
0.600000,above_sensor_test,0.031847,0.028484,2025-07-23_00-07-17,0.260930,0.449180,0.558300,0.000000,0.260928,0.449388,0.558305,-0.000096
0.800000,right_test_start,0.032097,0.028766,2025-07-23_00-07-43,0.260930,0.449180,0.558300,-0.000000,0.260925,0.449179,0.558308,-0.000240
0.800000,left_test_start,0.031910,0.028440,2025-07-23_00-08-28,0.260930,0.449180,0.558300,0.000000,0.260925,0.449094,0.558305,-0.000192
0.800000,max_right_test,0.032149,0.028825,2025-07-23_00-08-49,0.260930,0.449180,0.558300,0.000000,0.260932,0.449036,0.558302,-0.000144
0.800000,max_left_test,0.031893,0.028509,2025-07-23_00-09-34,0.260930,0.449180,0.558300,-0.000000,0.260935,0.449424,0.558305,-0.000192
0.800000,above_sensor_test,0.031881,0.028475,2025-07-23_00-10-04,0.260930,0.449180,0.558300,-0.000000,0.260928,0.449114,0.558308,-0.000144
1.000000,right_test_start,0.032111,0.028759,2025-07-23_00-10-25,0.260930,0.449180,0.558300,-0.000000,0.260932,0.449085,0.558305,-0.000144
1.000000,left_test_start,0.031914,0.028435,2025-07-23_00-11-07,0.260930,0.449180,0.558300,0.000000,0.260928,0.449150,0.558299,-0.000000
1.000000,max_right_test,0.032069,0.028847,2025-07-23_00-11-37,0.260930,0.449180,0.558300,-0.000000,0.260928,0.449695,0.558293,-0.000192
1.000000,max_left_test,0.031916,0.028482,2025-07-23_00-12-25,0.260930,0.449180,0.558300,-0.000000,0.260928,0.449150,0.558302,-0.000192
1.000000,above_sensor_test,0.031857,0.028479,2025-07-23_00-12-54,0.260930,0.449180,0.558300,0.000000,0.260922,0.449303,0.558302,-0.000144
0.200000,right_test_start,0.032125,0.028773,2025-07-23_00-13-21,0.260930,0.449180,0.558300,0.000000,0.260925,0.449199,0.558305,-0.000144
0.200000,left_test_start,0.031922,0.028430,2025-07-23_00-14-53,0.260930,0.449180,0.558300,-0.000000,0.260925,0.449254,0.558302,-0.000096
0.200000,max_right_test,0.032132,0.028838,2025-07-23_00-15-25,0.260930,0.449180,0.558300,-0.000000,0.260925,0.449258,0.558299,-0.000240
0.200000,max_left_test,0.031895,0.028491,2025-07-23_00-16-57,0.260930,0.449180,0.558300,-0.000000,0.260932,0.449209,0.558305,-0.000144
0.200000,above_sensor_test,0.031860,0.028482,2025-07-23_00-17-59,0.260930,0.449180,0.558300,-0.000000,0.260932,0.449120,0.558299,-0.000144
0.400000,right_test_start,0.032107,0.028762,2025-07-23_00-18-28,0.260930,0.449180,0.558300,-0.000000,0.260925,0.449156,0.558302,-0.000144
0.400000,left_test_start,0.031917,0.028437,2025-07-23_00-19-26,0.260930,0.449180,0.558300,0.000000,0.260925,0.449042,0.558296,-0.000048
